OBJECTID,ACCIDENTNUM,ACCIDENTDATE,ACCIDENT_YEAR,ACCIDENT_MONTH,ACCIDENT_DAY,ACCIDENT_HOUR,ACCIDENT_MINUTE,ACCIDENT_SECOND,ACCIDENT_WEEKDAY,XCOORD,YCOORD,LONGITUDE,LATITUDE,ACCIDENTLOCATION,COLLISIONTYPE,CLASSIFICATIONOFACCIDENT,IMPACTLOCATION,INITIALDIRECTIONOFTRAVELONE,INITIALDIRECTIONOFTRAVELTWO,INITIALIMPACTTYPE,INTTRAFFICCONTROL,LIGHT,LIGHTFORREPORT,ROADJURISDICTION,TRAFFICCONTROL,TRAFFICCONTROLCONDITION,THRULANENO,NORTHBOUNDDISOBEYCOUNT,SOUTHBOUNDDISOBEYCOUNT,PEDESTRIANINVOLVED,CYCLISTINVOLVED,MOTORCYCLISTINVOLVED,ENVIRONMENTCONDITION1,ENVIRONMENTCONDITION2,SELFREPORTED,XMLIMPORTNOTES,LASTEDITEDDATE,CREATE_BY,CREATE_DATE
51884,22032216,1644330600000,2022,2,8,14,30,0,Tuesday,546785.22273,4809880.24105,-80.421865,43.440369,Non intersection,2,Non-reportable,Thru lane,unknown,unknown,Other,Unknown,Daylight,01 - Daylight,Municipal (excl. Twp. Rd.),No control,unknown,0,0,0,False,False,False,Clear,,True,Road 1: 323 BRIARMEADOW DR (IFO); Vehicle #1     Make: NISS     Model: MUR     Colour: SIL     Style: TY; Vehicle #2     Make: FORD     Model: EDG     Colour: GRY     Style: TY,12/22/2022 9:31:39 AM,,
51885,22032240,1644572760000,2022,2,11,9,46,0,Friday,540983.09762,4809706.82869,-80.493574,43.439147,Non intersection,2,P.D. only,Not on roadway - right side,unknown,unknown,SMV other,Unknown,Daylight,01 - Daylight,Regional municipality,No control,unknown,0,0,0,False,False,False,Snow,,False,Road 1: HIGHLAND RD E (50 km/h); Road 2: SPADINA RD. E; Distance: 20.0 M S; Vehicle #1     Make: VOLK     Model: TIG     Colour: WHI     Style: TY,12/22/2022 9:26:48 AM,,
51886,22032266,1644578100000,2022,2,11,11,15,0,Friday,545967.93861,4803122.27601,-80.43253299999999,43.379571,At/near private drive,2,Non-reportable,Thru lane,unknown,unknown,SMV unattended vehicle,Unknown,Daylight,01 - Daylight,Municipal (excl. Twp. Rd.),No control,unknown,0,0,0,False,False,False,Clear,,True,Road 1: 468 DOON SOUTH DR; Vehicle #1     Make: RAM     Model: RTR     Colour: BLK     Style: PK; Vehicle #2     Make:      Model:      Colour:      Style:,12/22/2022 9:32:03 AM,,
51887,22032304,1644581400000,2022,2,11,12,10,0,Friday,539044.57274,4811195.03886,-80.517421,43.452650999999996,Intersection related,2,P.D. only,Thru lane,unknown,unknown,Sideswipe,Unknown,Daylight,01 - Daylight,Regional municipality,Stop sign,Functioning,0,0,0,False,False,False,Snow,,True,Road 1: BELMONT AVE W; Road 2: ROCK AVE; Vehicle #1     Make: HOND     Model: PIL     Colour: GRY     Style: TY; Vehicle #2     Make:      Model:      Colour:      Style:,12/22/2022 9:28:12 AM,,
51888,22032400,1644590700000,2022,2,11,14,45,0,Friday,539176.3077,4806674.24245,-80.516117,43.411938,At intersection,2,Non-reportable,Within intersection,unknown,unknown,Turning movement,Unknown,Daylight,01 - Daylight,Municipal (excl. Twp. Rd.),Stop sign,Functioning,0,0,0,False,False,False,Snow,,True,Road 1: WILDERNESS DR; Road 2: GREY FOX DR; Vehicle #1     Make: JEEP     Model: WUL     Colour: BLK     Style: TY; Vehicle #2     Make:      Model:      Colour:      Style:,12/22/2022 9:31:52 AM,,
51889,22032470,1644595200000,2022,2,11,16,0,0,Friday,541180.38394,4809392.53949,-80.49116,43.436307,At intersection,2,P.D. only,Thru lane,unknown,unknown,Rear end,Unknown,Daylight,01 - Daylight,Regional municipality,unknown,unknown,0,0,0,False,False,False,Snow,,True,Road 1: HIGHLAND RD W; Road 2: STIRLING; Vehicle #1     Make: DODG     Model: JOU     Colour: BLK     Style: TY; Vehicle #2     Make: NISS     Model: ATS     Colour: GRY     Style: 4D,12/22/2022 9:34:25 AM,,
51890,22032575,1644604800000,2022,2,11,18,40,0,Friday,546062.73613,4809493.08998,-80.430826,43.436927999999995,At intersection,2,Non-reportable,Thru lane,unknown,unknown,Rear end,Unknown,Dark,07 - Dark,Regional municipality,Traffic signal,Functioning,0,0,0,False,False,False,Freezing Rain,,True,Road 1: RIVER RD E; Road 2: KINZIE AVE; Vehicle #1     Make: VOLK     Model: GEL     Colour: BLK     Style: 4B; Vehicle #2     Make:      Model:      Colour:      Style:,12/22/2022 9:32:08 AM,,
51891,22032664,1644614880000,2022,2,11,21,28,0,Friday,543569.01875,4804977.19252,-80.461998,43.396415999999995,At intersection,2,P.D. only,Within intersection,unknown,unknown,SMV other,Unknown,Dark,07 - Dark,Municipal (excl. Twp. Rd.),Traffic signal,Functioning,0,0,0,False,False,False,Snow,,False,Road 1: HURON RD (60 km/h); Road 2: BATTLER RD (60 km/h); Charged Driver #1 on page 1: HTA 70 (NA) (NA); Vehicle #1     Make: CHEV     Model: BSS     Colour: BLK     Style: 2D,12/22/2022 9:37:10 AM,,
51892,22033006,1644570000000,2022,2,11,9,0,0,Friday,545151.03314,4807209.80322,-80.442279,43.416424,At/near private drive,2,Non-reportable,Off highway,unknown,unknown,SMV unattended vehicle,Unknown,Daylight,01 - Daylight,Municipal (excl. Twp. Rd.),No control,unknown,0,0,0,False,False,False,Snow,,True,Road 1: WILSON AVE KITCHENER; Road 2: IN FRONT OF HOUSES; Vehicle #1     Make:      Model:      Colour:      Style: ; Vehicle #2     Make: CHEV     Model: CZT     Colour: RED     Style: 4D,12/22/2022 9:32:07 AM,,
51893,22034329,1642165200000,2022,1,14,13,0,0,Friday,544430.0487,4810992.22746,-80.45087699999999,43.450524,At/near private drive,2,P.D. only,Thru lane,unknown,unknown,Other,Unknown,Daylight,01 - Daylight,Municipal (excl. Twp. Rd.),No control,unknown,0,0,0,False,False,False,Clear,,True,Road 1: 56 HICKSON DR; Vehicle #1     Make: MERZ     Model: GLE     Colour: BLK     Style: TY; Vehicle #2     Make: TOYT     Model: RV4     Colour: RED     Style: TY,1/3/2023 10:22:07 AM,,
51894,22034336,1641678000000,2022,1,8,21,40,0,Saturday,539951.81209,4805933.76181,-80.506593,43.405229999999996,At/near private drive,2,P.D. only,Thru lane,unknown,unknown,SMV unattended vehicle,Unknown,Dark,07 - Dark,Municipal (excl. Twp. Rd.),No control,unknown,0,0,0,False,False,False,Clear,,True,Road 1: 10 SWARTZ ST (IFO); Vehicle #1     Make:      Model:      Colour:      Style: ; Vehicle #2     Make: LNDR     Model: LR2     Colour: GRY     Style: TY,1/3/2023 10:22:03 AM,,
51895,22034369,1641139800000,2022,1,2,16,10,0,Sunday,544754.5226,4808022.98883,-80.44711,43.42377,Intersection related,2,Non-reportable,Thru lane,unknown,unknown,Rear end,Unknown,Daylight,01 - Daylight,Municipal (excl. Twp. Rd.),unknown,Functioning,0,0,0,False,False,False,Clear,,True,Road 1: WILSON AVE; Road 2: TRAYNOR AVE; Vehicle #1     Make:      Model:      Colour:      Style: ; Vehicle #2     Make: NISS     Model: ROG     Colour: WHI     Style: TY,1/3/2023 10:16:29 AM,,
51898,22036614,1645074300000,2022,2,17,5,5,0,Thursday,546092.95933,4812404.17585,-80.430206,43.463136999999996,Non intersection,2,P.D. only,Thru lane,unknown,unknown,Sideswipe,Unknown,Dark,07 - Dark,Municipal (excl. Twp. Rd.),No control,unknown,0,0,0,False,False,False,Snow,,True,Road 1: KEEWATIN AVE (IFO 337); Vehicle #1     Make:      Model:      Colour:      Style: ; Vehicle #2     Make: KIA     Model: SOU     Colour: BLU     Style: TY; Vehicle #3     Make:      Model:      Colour:      Style:,12/22/2022 9:32:29 AM,,
51899,22036637,1645080420000,2022,2,17,6,47,0,Thursday,545275.02754,4806434.31138,-80.440812,43.409434,At intersection,1,Non-fatal injury,Within intersection,unknown,unknown,Angle,Stop sign,Dawn,03 - Dawn,Municipal (excl. Twp. Rd.),Stop sign,Functioning,0,0,0,False,False,False,Rain,,False,Road 1: WILSON AVE (50 km/h); Road 2: WABANAKI DR (50 km/h); Charged Driver #1 on page 1: HTA 130 (NA) (NA); Vehicle #1     Make: TOYT     Model: HV4     Colour: BLU     Style: TY; Vehicle #2     Make: FORD     Model: DRW     Colour: WHI     Style: CB,12/22/2022 9:36:04 AM,,
51900,22036668,1642798200000,2022,1,21,20,50,0,Friday,544123.35402,4809572.05413,-80.454782,43.437754999999996,At/near private drive,2,Non-reportable,Thru lane,unknown,unknown,SMV unattended vehicle,Unknown,Dark,07 - Dark,Municipal (excl. Twp. Rd.),No control,unknown,0,0,0,False,False,False,Clear,,True,Road 1: 67 ROSS AVE (IFO); Road 2: 70 ROSS AVE; Vehicle #1     Make:      Model:      Colour:      Style: ; Vehicle #2     Make: PONT     Model: TOR     Colour: BLK     Style: TY,12/22/2022 9:33:03 AM,,
51901,22036702,1645086300000,2022,2,17,8,25,0,Thursday,543667.36719,4812459.88993,-80.460185,43.463784,Non intersection,2,P.D. only,Thru lane,unknown,unknown,SMV unattended vehicle,Unknown,Daylight,01 - Daylight,Municipal (excl. Twp. Rd.),No control,unknown,0,0,0,False,False,False,Rain,,True,Road 1: 68 TURNER AVE; Vehicle #1     Make: TOYT     Model: RUN     Colour: WHI     Style: TY; Vehicle #2     Make: MAZD     Model: CX5     Colour: GRY     Style: TY,12/22/2022 9:32:41 AM,,
51902,22036728,1642605000000,2022,1,19,15,10,0,Wednesday,547490.04509,4805695.56936,-80.41351999999999,43.402646,Non intersection,2,Non-reportable,Thru lane,unknown,unknown,SMV unattended vehicle,Unknown,Daylight,01 - Daylight,Municipal (excl. Twp. Rd.),No control,unknown,0,0,0,False,False,False,Clear,,True,Road 1: LONGVIEW CRESCENT (IFO 232); Vehicle #1     Make:      Model:      Colour:      Style: ; Vehicle #2     Make: MITS     Model: RVR     Colour: BLU     Style: TY,12/22/2022 9:34:54 AM,,
51903,22036738,1643370900000,2022,1,28,11,55,0,Friday,544994.0914,4810962.54422,-80.44390899999999,43.450223,At/near private drive,2,Non-reportable,Thru lane,unknown,unknown,Sideswipe,Unknown,Daylight,01 - Daylight,Regional municipality,No control,unknown,0,0,0,False,False,False,Clear,,True,Road 1: 1005 RIVER RD E (STANLEY PARK MALL); Vehicle #1     Make:      Model:      Colour:      Style: ; Vehicle #2     Make: TOYT     Model: RV4     Colour: ONG     Style: TY,12/22/2022 9:31:05 AM,,
51904,22036774,1643738400000,2022,2,1,18,0,0,Tuesday,542405.77981,4806619.5511,-80.47623399999999,43.411269999999995,At intersection,2,P.D. only,Within intersection,unknown,unknown,Angle,Unknown,Dark,07 - Dark,Municipal (excl. Twp. Rd.),Stop sign,Functioning,0,0,0,False,False,False,Clear,,True,Road 1: STRASBURG RD; Road 2: OLD COUNTRY DR; Vehicle #1     Make: JEEP     Model: PRT     Colour: WHI     Style: TY; Vehicle #2     Make: TOYT     Model: UCS     Colour: GRY     Style: 4D,12/22/2022 9:33:47 AM,,
51905,22037090,1645117680000,2022,2,17,17,8,0,Thursday,541309.80568,4809729.18265,-80.48953499999999,43.439330999999996,At intersection,2,P.D. only,Not on roadway - right side,unknown,unknown,SMV other,Unknown,Daylight,01 - Daylight,Municipal (excl. Twp. Rd.),Stop sign,Functioning,0,0,0,False,False,False,Snow,,False,Road 1: MILL ST (50 km/h); Road 2: SPADINA RD E (50 km/h); Vehicle #1     Make:      Model:      Colour: WHI     Style: SUV,12/22/2022 9:34:33 AM,,
51906,22037094,1645117860000,2022,2,17,17,11,0,Thursday,544711.63828,4807944.3798,-80.447647,43.423065,Intersection related,2,P.D. only,Thru lane,unknown,unknown,Sideswipe,Unknown,Daylight,01 - Daylight,Municipal (excl. Twp. Rd.),unknown,unknown,0,0,0,False,False,False,Snow,,True,Road 1: TRAYNOR AVE VANIER KITCHENER; Road 2: VANIER DR; Vehicle #1     Make: NISS     Model: ROS     Colour: WHI     Style: 4W; Vehicle #2     Make:      Model:      Colour:      Style:,12/22/2022 9:32:42 AM,,
51907,22037137,1645117200000,2022,2,17,17,0,0,Thursday,539998.55145,4810439.77881,-80.505686,43.445800000000006,Non intersection,2,P.D. only,Left shoulder,unknown,unknown,Rear end,Unknown,Daylight,01 - Daylight,Municipal (excl. Twp. Rd.),unknown,unknown,0,0,0,False,False,False,Freezing Rain,,False,Road 1: 3 STRANGE ST (50 km/h); Road 2: STRANGE ST; Distance: 1.0 M S; Vehicle #1     Make: PONT     Model: G3     Colour:      Style: 4D; Vehicle #2     Make: HYUN     Model: K3G     Colour: BLU     Style: TY,12/22/2022 9:26:45 AM,,
51908,22037578,1643528760000,2022,1,30,7,46,0,Sunday,545603.52056,4804261.68277,-80.436936,43.389852,At/near private drive,2,P.D. only,Other,unknown,unknown,Other,Unknown,Dawn,03 - Dawn,Municipal (excl. Twp. Rd.),No control,unknown,0,0,0,False,False,False,Clear,,True,Road 1: 961 DOON VILLAGE RD; Vehicle #1     Make: HOND     Model: PIL     Colour: WHI     Style: TY; Vehicle #2     Make:      Model:      Colour:      Style:,12/22/2022 9:27:16 AM,,
51909,22037612,1642494180000,2022,1,18,8,23,0,Tuesday,538939.11609,4805773.5792,-80.519111,43.403841,Non intersection,2,Non-reportable,Thru lane,unknown,unknown,SMV unattended vehicle,Unknown,Daylight,01 - Daylight,Municipal (excl. Twp. Rd.),No control,unknown,0,0,0,False,False,False,Clear,,True,Road 1: 300 MOUNTAIN LAUREL CRESCENT (IFO); Vehicle #1     Make: HOND     Model: UDY     Colour: SIL     Style: TY; Vehicle #2     Make: CHRY     Model: 3LM     Colour: WHI     Style: 4D,12/22/2022 9:30:42 AM,,
51910,22037622,1643037600000,2022,1,24,15,20,0,Monday,542834.74688,4804097.92252,-80.47113399999999,43.388541,Non intersection,2,Non-reportable,Thru lane,unknown,unknown,Other,Unknown,Daylight,01 - Daylight,Municipal (excl. Twp. Rd.),No control,unknown,0,0,0,False,False,False,Snow,,True,Road 1: 15 NEWCASTLE DR; Vehicle #1     Make: ACUR     Model: MDX     Colour: BLK     Style: TY; Vehicle #2     Make: HOND     Model: ODY     Colour: WHI     Style: VN,12/22/2022 9:32:24 AM,,
51911,22037636,1645178400000,2022,2,18,10,0,0,Friday,538668.0392,4810354.53981,-80.522134,43.445102,Non intersection,2,P.D. only,Thru lane,unknown,unknown,Rear end,Unknown,Daylight,01 - Daylight,Municipal (excl. Twp. Rd.),No control,unknown,0,0,0,False,False,False,Clear,,True,Road 1: GAGE AVE; Vehicle #1     Make: TOYT     Model: CIE     Colour: WHI     Style: VN; Vehicle #2     Make: TOYT     Model: RG4     Colour: BLK     Style: TY,12/22/2022 9:34:39 AM,,
51912,22037734,1645183800000,2022,2,18,11,30,0,Friday,537475.43399,4808030.84436,-80.537032,43.42424,At/near private drive,2,Non-reportable,Thru lane,unknown,unknown,SMV unattended vehicle,Unknown,Daylight,01 - Daylight,Municipal (excl. Twp. Rd.),No control,unknown,0,0,0,False,False,False,Clear,,True,Road 1: CLAYCROFT CRESCENT (IFO 38); Vehicle #1     Make: TOYT     Model: RV4     Colour: GRY     Style: TY; Vehicle #2     Make:      Model:      Colour:      Style:,12/22/2022 9:29:22 AM,,
51913,22038685,1645278600000,2022,2,19,13,50,0,Saturday,542841.97882,4809873.32013,-80.470592,43.440542,Intersection related,1,Non-fatal injury,Within intersection,unknown,unknown,Angle,Unknown,Daylight,01 - Daylight,Municipal (excl. Twp. Rd.),Stop sign,Functioning,0,0,0,False,False,False,Snow,,False,Road 1: SYDNEY ST S (50 km/h); Road 2: CHARLES ST E (50 km/h); Charged Driver #1 on page 1: HTA 142 (NA) (NA); Vehicle #1     Make: HOND     Model: UDY     Colour: GRY     Style: TY; Vehicle #2     Make: VOLK     Model: JBS     Colour: GRY     Style: 4D,12/22/2022 9:36:50 AM,,
51914,22038887,1645296600000,2022,2,19,18,50,0,Saturday,544610.20993,4809092.54291,-80.44880599999999,43.433409,At intersection,1,Non-fatal injury,Within intersection,unknown,unknown,Angle,Unknown,Dark,07 - Dark,Municipal (excl. Twp. Rd.),Traffic signal,Functioning,0,0,0,False,False,False,Clear,,False,Road 1: KINGSWAY DR (50 km/h); Road 2: FRANKLIN ST S (50 km/h); Charged Driver #1 on page 1: HTA 130 (NA) (NA); Vehicle #1     Make: HYUN     Model: ETG     Colour: GRY     Style: 4B; Vehicle #2     Make: RAM     Model: RTR     Colour: SIL     Style: PK,12/22/2022 9:36:30 AM,,
51915,22038997,1645304400000,2022,2,19,21,0,0,Saturday,541741.04167,4810533.22682,-80.484145,43.446546,At intersection,2,Non-reportable,Thru lane,unknown,unknown,Approaching,Unknown,Dark,07 - Dark,Regional municipality,unknown,unknown,0,0,0,False,False,False,Clear,,True,Road 1: CEDAR ST S; Road 2: CHARLES ST E; Vehicle #1     Make: FRHT     Model: FM2     Colour: WHI     Style: DP; Vehicle #2     Make:      Model:      Colour:      Style:,12/22/2022 9:32:15 AM,,
51916,22039487,1645372200000,2022,2,20,15,50,0,Sunday,538660.95725,4809546.5106,-80.522279,43.437827,At/near private drive,2,P.D. only,Off highway,unknown,unknown,SMV unattended vehicle,Unknown,Daylight,01 - Daylight,Municipal (excl. Twp. Rd.),No control,unknown,0,0,0,False,False,False,Clear,,True,Road 1: VICMOUNT DR (IFO 70(2)); Vehicle #1     Make: TOYT     Model: MTL     Colour: BLK     Style: 4D; Vehicle #2     Make: TOYT     Model: MTL     Colour: SIL     Style: 4D,12/22/2022 9:29:32 AM,,
51917,22039563,1645354800000,2022,2,20,11,0,0,Sunday,541948.79891,4809147.84671,-80.481684,43.434061,At/near private drive,2,P.D. only,Thru lane,unknown,unknown,SMV unattended vehicle,Unknown,Daylight,01 - Daylight,Municipal (excl. Twp. Rd.),No control,unknown,0,0,0,False,False,False,Clear,,True,Road 1: 45 PATTANDON AVE (IFO 45); Vehicle #1     Make:      Model:      Colour:      Style: ; Vehicle #2     Make: KIA     Model: FNG     Colour: BLK     Style: 4D,12/22/2022 9:32:45 AM,,
51918,22039709,1645393440000,2022,2,20,21,44,0,Sunday,541359.5255,4808642.02621,-80.489003,43.429539,At intersection,2,P.D. only,Within intersection,unknown,unknown,Angle,Unknown,Dark,07 - Dark,Regional municipality,Stop sign,Functioning,0,0,1,False,False,False,Clear,,False,Road 1: HOMER WATSON BLVD (60 km/h); Road 2: HOFFMAN ST (50 km/h); Charged Driver #1 on page 1: HTA 130 (NA) (NA); Vehicle #1     Make: JEEP     Model: CHK     Colour: SIL     Style: TY; Vehicle #2     Make: JEEP     Model: WUL     Colour: BLK     Style: ,12/22/2022 9:36:37 AM,,
51919,22039869,1645425900000,2022,2,21,6,45,0,Monday,541937.16594,4816314.74858,-80.481276,43.498591999999995,At intersection,2,P.D. only,Within intersection,unknown,unknown,SMV other,Unknown,Dawn,03 - Dawn,Regional municipality,Yield sign,Functioning,0,0,0,False,False,False,Snow,,False,Road 1: KIWANIS PARK DR (50 km/h); Road 2: FALCONRIDGE DR (50 km/h); Distance: 3.0 M N; Vehicle #1     Make: GMC     Model: SIE     Colour: BLK     Style: CW,12/22/2022 9:32:02 AM,,
51920,22041232,1645597800000,2022,2,23,6,30,0,Wednesday,544200.68283,4812886.16527,-80.453558,43.467591,Intersection related,2,Non-reportable,Thru lane,unknown,unknown,Turning movement,Unknown,Dark,07 - Dark,Regional municipality,unknown,unknown,0,0,0,False,False,False,Clear,,True,Road 1: FORFAR AVE; Road 2: VICTORIA ST N; Vehicle #1     Make: RAM     Model: RTR     Colour: WHI     Style: PK; Vehicle #2     Make: TOYT     Model: UCS     Colour: RED     Style: 4D,12/22/2022 9:33:20 AM,,
51921,22041527,1645623480000,2022,2,23,13,38,0,Wednesday,539052.16487,4810483.85497,-80.517378,43.446247,At/near private drive,2,P.D. only,Left turn lane,unknown,unknown,Angle,Unknown,Daylight,01 - Daylight,Township,No control,unknown,0,0,0,False,False,False,Clear,,False,Road 1: 275 (50 km/h); Road 2: GAGE AVE; Distance: 10.0 M S; Charged Driver #1 on page 1: HTA 139 (NA) (NA); Vehicle #1     Make: HOND     Model: UCS     Colour: WHI     Style: 4D; Vehicle #2     Make: NISS     Model: VVL     Colour: GRY     Style: 4D,12/22/2022 9:36:46 AM,,
51922,22041592,1645628940000,2022,2,23,15,9,0,Wednesday,545124.03137,4807659.88218,-80.442576,43.420479,At/near private drive,2,P.D. only,Thru lane,unknown,unknown,Turning movement,Unknown,Daylight,01 - Daylight,Municipal (excl. Twp. Rd.),No control,unknown,2,0,0,False,False,False,Clear,,False,Road 1: 385 WILSON AVE (50 km/h); Road 2: FAIRWAY RD S; Distance: 50.0 M W; Charged Driver #1 on page 1: HTA 142 (NA) (NA); Vehicle #1     Make: HOND     Model: UEX     Colour: BLK     Style: 4D; Vehicle #2     Make: SUBA     Model: O6L     Colour: SIL   ,12/22/2022 9:36:58 AM,,
51923,22041758,1645641900000,2022,2,23,18,45,0,Wednesday,547749.49921,4810075.14841,-80.409933,43.442063,At/near private drive,2,P.D. only,Right shoulder,unknown,unknown,SMV unattended vehicle,Unknown,Dark,07 - Dark,Municipal (excl. Twp. Rd.),No control,unknown,0,0,0,False,False,False,Clear,,True,Road 1: TREMAINE DR (IFO 93); Vehicle #1     Make: GMC     Model: TER     Colour: BLK     Style: TY; Vehicle #2     Make: VOLK     Model: GTI     Colour: GRY     Style: 4B,12/22/2022 9:29:46 AM,,
51924,22042052,1645689360000,2022,2,24,7,56,0,Thursday,542872.78789,4807421.28685,-80.47040299999999,43.418462,Intersection related,1,Non-fatal injury,Within intersection,unknown,unknown,SMV other,Unknown,Daylight,01 - Daylight,Regional municipality,Traffic signal,Functioning,0,0,0,True,False,False,Clear,,False,Road 1: BLOCK LINE RD (50 km/h); Road 2: KINGSWOOD DR (50 km/h); Charged Driver #1 on page 1: HTA 142 (NA) (NA); Vehicle #1     Make: HOND     Model: CCL     Colour: BLU     Style: 4D,12/22/2022 9:36:59 AM,,
51925,22042188,1645697400000,2022,2,24,10,10,0,Thursday,541016.21307,4809676.61183,-80.493167,43.438873,Intersection related,2,P.D. only,Thru lane,unknown,unknown,Rear end,Unknown,Daylight,01 - Daylight,Regional municipality,Traffic signal,Functioning,0,0,0,False,False,False,Clear,,True,Road 1: HIGHLAND RD E; Road 2: SPADINA RD E; Vehicle #1     Make: TOYT     Model: VEN     Colour: BLK     Style: TY; Vehicle #2     Make: TOYT     Model: CBA     Colour: BRN     Style: 4D,12/22/2022 9:29:56 AM,,
51926,22042261,1643097600000,2022,1,25,8,0,0,Tuesday,539343.26317,4811553.4134,-80.51370399999999,43.455861999999996,Non intersection,2,P.D. only,Thru lane,unknown,unknown,Sideswipe,Unknown,Daylight,01 - Daylight,Municipal (excl. Twp. Rd.),No control,unknown,0,0,0,False,False,False,Clear,,True,Road 1: PARK ST; Road 2: MT HOPE ST; Vehicle #1     Make: KIA     Model: FNG     Colour: GRY     Style: 4D; Vehicle #2     Make: HOND     Model: CRV     Colour: SIL     Style: TY,4/22/2022 2:25:16 PM,,
51927,22042960,1645783200000,2022,2,25,10,0,0,Friday,538899.48741,4811470.66186,-80.519195,43.45514,At intersection,2,P.D. only,Within intersection,unknown,unknown,Turning movement,Unknown,Daylight,01 - Daylight,Regional municipality,Traffic signal,Functioning,0,0,0,False,False,False,Clear,,True,Road 1: UNION BLVD; Road 2: BELMONT AVE W; Vehicle #1     Make: MERZ     Model: GLE     Colour: WHI     Style: TY; Vehicle #2     Make:      Model:      Colour:      Style:,12/22/2022 9:30:10 AM,,
51928,22042990,1645785720000,2022,2,25,10,42,0,Friday,540932.08485,4810352.63304,-80.49415599999999,43.444964999999996,Intersection related,2,P.D. only,Not on roadway - right side,unknown,unknown,SMV other,Unknown,Daylight,01 - Daylight,Municipal (excl. Twp. Rd.),Stop sign,Functioning,0,0,0,False,False,False,Snow,,False,Road 1: MITCHELL ST (50 km/h); Road 2: QUEEN ST S (50 km/h); Vehicle #1     Make:      Model: TRAC     Colour:      Style:,12/22/2022 9:31:59 AM,,
51929,22043182,1643995800000,2022,2,4,17,30,0,Friday,541466.56265,4809536.79349,-80.487613,43.43759,Intersection related,2,Non-reportable,Thru lane,unknown,unknown,Rear end,Unknown,Dusk,05 - Dusk,Municipal (excl. Twp. Rd.),Traffic signal,Functioning,0,0,0,False,False,False,Clear,,True,Road 1: STIRLING AVENUE; Road 2: MILL ST; Vehicle #1     Make:      Model:      Colour:      Style: ; Vehicle #2     Make: HYUN     Model: ESM     Colour: GRY     Style: 4D,12/22/2022 9:28:51 AM,,
51930,22043215,1645802400000,2022,2,25,15,20,0,Friday,545306.09386,4811392.19005,-80.440017,43.454073,At/near private drive,2,Non-reportable,Thru lane,unknown,unknown,SMV other,Unknown,Daylight,01 - Daylight,Municipal (excl. Twp. Rd.),No control,unknown,0,0,0,False,False,False,Clear,,True,Road 1: 153  MONTCALM DR; Vehicle #1     Make: HOND     Model: CTU     Colour: BLU     Style: 4D,12/22/2022 9:36:21 AM,,
51931,22043663,1645859580000,2022,2,26,7,13,0,Saturday,541673.14061,4811383.95065,-80.48491899999999,43.454209999999996,Non intersection,2,P.D. only,Other,unknown,unknown,SMV other,Unknown,Dawn,03 - Dawn,Municipal (excl. Twp. Rd.),No control,unknown,0,0,0,False,False,False,Clear,,False,Road 1: OTTO ST (50 km/h); Road 2: QUEEN ST N; Distance: 50.0 K E; Vehicle #1     Make: MAZD     Model: MCX     Colour: WHI     Style: TY,1/3/2023 10:12:15 AM,,
51932,22043803,1643876400000,2022,2,3,8,20,0,Thursday,542325.68195,4803971.93834,-80.477429,43.387434999999996,At/near private drive,2,Non-reportable,Thru lane,unknown,unknown,Other,Unknown,Daylight,01 - Daylight,Municipal (excl. Twp. Rd.),No control,unknown,0,0,0,False,False,False,Clear,,True,Road 1: 210 MAITLAND ST; Vehicle #1     Make: TOYT     Model: UCS     Colour: BRN     Style: 4D; Vehicle #2     Make: HOND     Model: UEX     Colour: BLU     Style: 2D,4/22/2022 2:27:07 PM,,