OBJECTID,ACCIDENTNUM,ACCIDENTDATE,ACCIDENT_YEAR,ACCIDENT_MONTH,ACCIDENT_DAY,ACCIDENT_HOUR,ACCIDENT_MINUTE,ACCIDENT_SECOND,ACCIDENT_WEEKDAY,XCOORD,YCOORD,LONGITUDE,LATITUDE,ACCIDENTLOCATION,COLLISIONTYPE,CLASSIFICATIONOFACCIDENT,IMPACTLOCATION,INITIALDIRECTIONOFTRAVELONE,INITIALDIRECTIONOFTRAVELTWO,INITIALIMPACTTYPE,INTTRAFFICCONTROL,LIGHT,LIGHTFORREPORT,ROADJURISDICTION,TRAFFICCONTROL,TRAFFICCONTROLCONDITION,THRULANENO,NORTHBOUNDDISOBEYCOUNT,SOUTHBOUNDDISOBEYCOUNT,PEDESTRIANINVOLVED,CYCLISTINVOLVED,MOTORCYCLISTINVOLVED,ENVIRONMENTCONDITION1,ENVIRONMENTCONDITION2,SELFREPORTED,XMLIMPORTNOTES,LASTEDITEDDATE,CREATE_BY,CREATE_DATE
52030,22067445,1648376100000,2022,3,27,10,15,0,Sunday,547627.14867,4805831.72526,-80.41181499999999,43.403863,Non intersection,2,Non-reportable,Thru lane,unknown,unknown,Approaching,Unknown,Daylight,01 - Daylight,Municipal (excl. Twp. Rd.),No control,unknown,0,0,0,False,False,False,Snow,,True,Road 1: 491 DEER RIDGE DR; Vehicle #1     Make: HOND     Model: PIL     Colour: WHI     Style: TY; Vehicle #2     Make: DODG     Model: CAR     Colour: WHI     Style: VN,1/3/2023 10:12:27 AM,,
52031,22068253,1648470420000,2022,3,28,12,27,0,Monday,543093.93493,4807455.14923,-80.467669,43.418755,Non intersection,2,P.D. only,Thru lane,unknown,unknown,Sideswipe,Unknown,Daylight,01 - Daylight,Municipal (excl. Twp. Rd.),No control,unknown,2,0,0,False,False,False,Clear,,False,Road 1: BLOCK LINE RD (50 km/h); Road 2: FALLOWFIELD DR; Distance: 1.0 M N; Vehicle #1     Make: MAZD     Model: 3TR     Colour: WHI     Style: 4D; Vehicle #2     Make: NOVB     Model: YLD     Colour: WHI     Style: BU,1/3/2023 10:12:56 AM,,
52032,22068613,1648500660000,2022,3,28,20,51,0,Monday,539390.8407000001,4810417.0089,-80.513198,43.445626999999995,Non intersection,2,P.D. only,Thru lane,unknown,unknown,Turning movement,Unknown,Dark,07 - Dark,Municipal (excl. Twp. Rd.),No control,unknown,2,0,0,False,False,False,Clear,,False,Road 1: 427  BELMONT AVE W (50 km/h); Road 2: BELMONT AVE W; Distance: 5.0 M S; Charged Driver #1 on page 1: HTA 142 (NA) (NA); Vehicle #1     Make: NISS     Model: ROG     Colour: BLK     Style: TY; Vehicle #2     Make: TOYT     Model: YAR     Colour: BL,12/22/2022 9:36:53 AM,,
52034,22068952,1647792000000,2022,3,20,16,0,0,Sunday,543138.96418,4812133.67208,-80.466743,43.460876999999996,At/near private drive,2,Non-reportable,Thru lane,unknown,unknown,SMV unattended vehicle,Unknown,Daylight,01 - Daylight,Regional municipality,No control,unknown,0,0,0,False,False,False,Clear,,True,Road 1: ETHEL ST; Road 2: FREDERICK ST; Vehicle #1     Make:      Model:      Colour:      Style: ; Vehicle #2     Make: HYUN     Model: VTO     Colour: RED     Style: 4D,1/3/2023 10:21:36 AM,,
52035,22069017,1646991600000,2022,3,11,9,40,0,Friday,540470.37786,4810647.79164,-80.49983999999999,43.447648,At/near private drive,2,Non-reportable,Thru lane,unknown,unknown,Other,Unknown,Daylight,01 - Daylight,Municipal (excl. Twp. Rd.),No control,unknown,0,0,0,False,False,False,Snow,,True,Road 1: 9 THERESA ST; Vehicle #1     Make: HOND     Model: CTU     Colour: WHI     Style: 4D; Vehicle #2     Make: TOYT     Model: MTL     Colour: SIL     Style: 4D,12/22/2022 9:33:31 AM,,
52036,22069129,1646739900000,2022,3,8,11,45,0,Tuesday,539497.86469,4808136.78985,-80.51204,43.42509,At intersection,2,P.D. only,Thru lane,unknown,unknown,Rear end,Unknown,Daylight,01 - Daylight,Municipal (excl. Twp. Rd.),Traffic signal,Functioning,0,0,0,False,False,False,Clear,,True,Road 1: STONYBROOK DR; Road 2: GREENBROOK DR; Vehicle #1     Make: LINC     Model: MKX     Colour: BLK     Style: TY; Vehicle #2     Make: VOLK     Model: PTE     Colour: GRN     Style: 4D,12/22/2022 9:31:31 AM,,
52038,22071582,1648814400000,2022,4,1,12,0,0,Friday,545125.93126,4812050.99086,-80.442189,43.460015999999996,Intersection related,2,P.D. only,Thru lane,unknown,unknown,Sideswipe,Unknown,Daylight,01 - Daylight,Municipal (excl. Twp. Rd.),unknown,unknown,0,0,0,False,False,False,Clear,,True,Road 1: LORRAINE AVE; Road 2: CONFEDERATION DR; Vehicle #1     Make: PONT     Model: G5     Colour: GRY     Style: 4D; Vehicle #2     Make: HOND     Model: CTU     Colour: BLU     Style: 4D,12/22/2022 9:29:23 AM,,
52039,22071606,1646770500000,2022,3,8,20,15,0,Tuesday,546389.87802,4808801.16459,-80.426842,43.430676999999996,Non intersection,2,P.D. only,Thru lane,unknown,unknown,SMV unattended vehicle,Unknown,Dark,07 - Dark,Municipal (excl. Twp. Rd.),No control,unknown,0,0,0,False,False,False,Clear,,True,Road 1: 342 SOUTHILL DR (IFO); Vehicle #1     Make: HYUN     Model: SFT     Colour: BLK     Style: TY; Vehicle #2     Make: MAZD     Model: CX5     Colour: GRY     Style: TY,12/22/2022 9:30:27 AM,,
52040,22071617,1648078200000,2022,3,23,23,30,0,Wednesday,546909.30781,4809848.63182,-80.420335,43.440076,Non intersection,2,Non-reportable,Thru lane,unknown,unknown,SMV unattended vehicle,Unknown,Dark,07 - Dark,Municipal (excl. Twp. Rd.),No control,unknown,0,0,0,False,False,False,Rain,,True,Road 1: 518 BEAUMONT CRESCENT (IFO); Vehicle #1     Make:      Model:      Colour:      Style: ; Vehicle #2     Make: NISS     Model: SML     Colour: BLU     Style: 4D,12/22/2022 9:31:08 AM,,
52041,22071998,1648848000000,2022,4,1,21,20,0,Friday,541142.31719,4806766.10955,-80.491828,43.412659999999995,At intersection,2,P.D. only,Within intersection,unknown,unknown,Turning movement,Unknown,Dark,07 - Dark,Municipal (excl. Twp. Rd.),Stop sign,Functioning,0,0,0,False,False,False,Clear,,True,Road 1: LAURENTIAN DR; Road 2: BLOCK LINE RD; Vehicle #1     Make: HOND     Model: UCL     Colour: BLU     Style: 4D; Vehicle #2     Make: HOND     Model: UAX     Colour: BLK     Style: 4D,12/22/2022 9:29:24 AM,,
52042,22072824,1648931280000,2022,4,2,20,28,0,Saturday,541627.10783,4812053.96728,-80.48543699999999,43.460245,Non intersection,2,P.D. only,Thru lane,unknown,unknown,SMV unattended vehicle,Unknown,Dark,07 - Dark,Municipal (excl. Twp. Rd.),No control,unknown,1,0,0,False,False,False,Clear,,False,Road 1: 372  WELLINGTON ST N (50 km/h); Road 2: WELLINGTON ST N; Distance: 3.0 M E; Charged Driver #1 on page 1: HTA 130 (NA) (NA); Vehicle #1     Make: DODG     Model: CXT     Colour: BLK     Style: 4D; Vehicle #2     Make: TOYT     Model: MTL     Colour,12/22/2022 9:36:33 AM,,
52043,22074034,1646238600000,2022,3,2,16,30,0,Wednesday,542448.0571,4807282.31077,-80.475661,43.417235,At intersection,2,Non-reportable,Within intersection,unknown,unknown,Turning movement,Unknown,Daylight,01 - Daylight,Municipal (excl. Twp. Rd.),unknown,unknown,0,0,0,False,False,False,Snow,,True,Road 1: BLOCK LINE RD; Road 2: COUNTRY HILLS DRIVE; Vehicle #1     Make: TOYT     Model: RV4     Colour: GRY     Style: TY; Vehicle #2     Make: FORD     Model: FSE     Colour: BLK     Style: 4D,12/22/2022 9:31:06 AM,,
52044,22074104,1647624600000,2022,3,18,17,30,0,Friday,540364.12586,4809207.17,-80.50125899999999,43.434681999999995,Non intersection,2,P.D. only,Thru lane,unknown,unknown,Rear end,Unknown,Daylight,01 - Daylight,Regional municipality,No control,unknown,0,0,0,False,False,False,Clear,,True,Road 1: BELMONT AVE E; Road 2: SOUTH DR; Vehicle #1     Make:      Model:      Colour:      Style: ; Vehicle #2     Make: KIA     Model: SOU     Colour: BLK     Style: TY,12/22/2022 9:31:05 AM,,
52045,22074224,1649087100000,2022,4,4,15,45,0,Monday,539888.93404,4810656.64754,-80.507025,43.447759,Non intersection,2,P.D. only,Thru lane,unknown,unknown,Angle,Unknown,Daylight,01 - Daylight,Municipal (excl. Twp. Rd.),No control,unknown,0,0,0,False,False,False,Clear,,True,Road 1: CHERRY ST; Road 2: STRANGE ST; Vehicle #1     Make: NISS     Model: ATS     Colour: BLK     Style: 4D; Vehicle #2     Make: CHRY     Model: 20C     Colour: BLK     Style: 4D,12/22/2022 9:29:38 AM,,
52046,22075689,1648492200000,2022,3,28,18,30,0,Monday,542313.5937,4810288.23891,-80.47708899999999,43.444308,At intersection,2,Non-reportable,Thru lane,unknown,unknown,Rear end,Unknown,Dusk,05 - Dusk,Regional municipality,Traffic signal,Functioning,0,0,0,False,False,False,Clear,,True,Road 1: KING ST E; Road 2: STIRLING AVE N; Vehicle #1     Make: HOND     Model: ULS     Colour: BLU     Style: 4D; Vehicle #2     Make: AUDI     Model: AQ7     Colour: BLK     Style: TY,12/22/2022 9:26:55 AM,,
52047,22076652,1649340600000,2022,4,7,14,10,0,Thursday,544607.02331,4811710.65106,-80.44863099999999,43.456983,Non intersection,2,Non-reportable,Thru lane,unknown,unknown,Rear end,Unknown,Daylight,01 - Daylight,Regional municipality,No control,unknown,0,0,0,False,False,False,Clear,,True,Road 1: RIVER RD E; Road 2: LORRAINE AVE; Vehicle #1     Make: CHRY     Model: 2LX     Colour: WHI     Style: 4D; Vehicle #2     Make: NISS     Model: ROG     Colour: RED     Style: TY,12/22/2022 9:33:01 AM,,
52048,22076683,1649349360000,2022,4,7,16,36,0,Thursday,543238.09847,4809090.21058,-80.46575899999999,43.433468,Intersection related,2,P.D. only,Right shoulder,unknown,unknown,SMV other,Unknown,Daylight,01 - Daylight,Regional municipality,unknown,Functioning,0,0,0,False,False,False,Clear,,False,Road 1: DOON RD (50 km/h); Road 2: CARWOOD AVE (50 km/h); Charged Driver #1 on page 1: HTA 130 (NA) (NA); Vehicle #1     Make: HYUN     Model: SAN     Colour: BLK     Style: TY,1/3/2023 10:16:40 AM,,
52049,220772339,1648890000000,2022,4,2,9,0,0,Saturday,539618.61138,4811375.13419,-80.510313,43.454242,At intersection,2,P.D. only,Within intersection,unknown,unknown,Turning movement,Unknown,Daylight,01 - Daylight,Regional municipality,Traffic signal,Functioning,0,0,0,False,False,False,Clear,,True,Road 1: GLASGOW ST; Road 2: PARK ST; Vehicle #1     Make: VOLK     Model: JSA     Colour: BLK     Style: 4D; Vehicle #2     Make: NISS     Model: MIC     Colour: GRN     Style: 4B,12/22/2022 9:29:33 AM,,
52050,22077535,1649438460000,2022,4,8,17,21,0,Friday,546613.85975,4811335.6873,-80.423859,43.453483999999996,Non intersection,2,P.D. only,Not on roadway - right side,unknown,unknown,SMV other,Unknown,Daylight,01 - Daylight,Municipal (excl. Twp. Rd.),No control,unknown,0,0,0,False,False,False,Clear,,False,Road 1: 24 BRYAN CRT (50 km/h); Road 2: BRYAN CRT; Distance: 1.0 M N; Vehicle #1     Make: HYUN     Model: TUC     Colour: GRY     Style: TY,1/3/2023 10:13:08 AM,,
52051,22078042,1648463400000,2022,3,28,10,30,0,Monday,538243.52421,4808370.53835,-80.52752,43.42726,Non intersection,2,P.D. only,Thru lane,unknown,unknown,Angle,Unknown,Daylight,01 - Daylight,Regional municipality,No control,unknown,0,0,0,False,False,False,Clear,,True,Road 1: 1734 QUEEN'S BLVD; Vehicle #1     Make: HYUN     Model: SLI     Colour: GRY     Style: 4D; Vehicle #2     Make: RAM     Model: RPR     Colour: WHI     Style: FV,1/3/2023 10:12:22 AM,,
52052,22078044,1644247800000,2022,2,7,15,30,0,Monday,541650.17108,4809314.24251,-80.485361,43.435576,Intersection related,2,P.D. only,Thru lane,unknown,unknown,Rear end,Unknown,Daylight,01 - Daylight,Municipal (excl. Twp. Rd.),Stop sign,Functioning,0,0,0,False,False,False,Clear,,True,Road 1: MILL ST; Road 2: HEIMAN ST; Vehicle #1     Make: CHEV     Model: CZT     Colour: WHI     Style: 4D; Vehicle #2     Make: FORD     Model: SPE     Colour: WHI     Style: TY,12/22/2022 9:28:50 AM,,
52053,22078949,1649599140000,2022,4,10,13,59,0,Sunday,546804.57322,4801879.25066,-80.422311,43.368327,Non intersection,2,P.D. only,Not on roadway - right side,unknown,unknown,SMV other,Unknown,Daylight,01 - Daylight,Municipal (excl. Twp. Rd.),No control,unknown,0,0,0,False,False,False,Clear,,False,Road 1: REICHERT DR (60 km/h); Road 2: DUNDEE RD; Distance: 500.0 M S; Vehicle #1     Make: HOND     Model: CRV     Colour: BRN     Style: TY,1/3/2023 10:13:40 AM,,
52054,22079327,1649639700000,2022,4,11,1,15,0,Monday,544404.49551,4802884.32342,-80.451852,43.377522,Non intersection,2,P.D. only,Not on roadway - right side,unknown,unknown,SMV other,Unknown,Dark,07 - Dark,Municipal (excl. Twp. Rd.),No control,unknown,0,0,0,False,False,False,Clear,,False,Road 1: CARYNDALE DR (50 km/h); Road 2: ROBERT FERRIE DR; Distance: 50.0 M S; Charged Driver #1 on page 1: HTA 32 (NA) (NA); Vehicle #1     Make: HOND     Model: ACC     Colour: BLK     Style: 4D,1/3/2023 10:14:04 AM,,
52055,22079494,1649666700000,2022,4,11,8,45,0,Monday,538002.4306,4807661.87298,-80.530547,43.420891,Non intersection,2,Non-reportable,Thru lane,unknown,unknown,Sideswipe,Unknown,Daylight,01 - Daylight,Municipal (excl. Twp. Rd.),No control,unknown,0,0,0,False,False,False,Clear,,True,Road 1: AUTUMN HILL CRESCENT (ST MARKS SCHOOL); Vehicle #1     Make: HOND     Model: UDY     Colour: SIL     Style: VN; Vehicle #2     Make: LEXS     Model: NXT     Colour: GRY     Style: TY,1/3/2023 10:13:43 AM,,
52056,22079923,1649707200000,2022,4,11,20,0,0,Monday,545095.66498,4807778.98843,-80.442916,43.421552999999996,Non intersection,2,P.D. only,Thru lane,unknown,unknown,Angle,Unknown,Dark,07 - Dark,Regional municipality,No control,unknown,0,0,0,False,False,False,Clear,,True,Road 1: WILSON AVE; Road 2: FAIRWAY RD S; Vehicle #1     Make: KIA     Model: FEX     Colour: WHI     Style: 4D; Vehicle #2     Make: RAM     Model: RTR     Colour: SIL     Style: PK,1/3/2023 10:13:12 AM,,
52057,22080226,1645995600000,2022,2,27,21,0,0,Sunday,543202.01898,4804495.83979,-80.466568,43.392103,At intersection,2,Non-reportable,Within intersection,unknown,unknown,Rear end,Unknown,Dark,07 - Dark,Regional municipality,Yield sign,Functioning,0,0,0,False,False,False,Clear,,True,Road 1: HURON RD; Road 2: STRASBURG RD; Vehicle #1     Make: HOND     Model: UCS     Colour: WHI     Style: 4D; Vehicle #2     Make: NISS     Model: VSL     Colour: WHI     Style: 4B,12/22/2022 9:29:27 AM,,
52058,22081037,1649833560000,2022,4,13,7,6,0,Wednesday,542510.66618,4804200.55721,-80.475127,43.389483,Non intersection,1,Non-fatal injury,Not on roadway - left side,unknown,unknown,SMV unattended vehicle,Unknown,Daylight,01 - Daylight,Municipal (excl. Twp. Rd.),No control,unknown,0,0,0,False,False,False,Clear,,False,Road 1: 103 PARKVALE DR (50 km/h); Road 2: PARKVALE DR; Distance: 6.0 M W; Charged Driver #1 on page 1: HTA 130 (NA) (NA); Vehicle #1     Make: VOLK     Model: TIG     Colour: BLK     Style: TY; Vehicle #2     Make: HOND     Model: UCL     Colour: BLK    ,1/3/2023 10:11:08 AM,,
52059,22082103,1645628400000,2022,2,23,15,0,0,Wednesday,542071.18343,4807093.86084,-80.48033,43.41556,Non intersection,2,Non-reportable,Thru lane,unknown,unknown,Rear end,Unknown,Daylight,01 - Daylight,Municipal (excl. Twp. Rd.),No control,unknown,0,0,0,False,False,False,Clear,,True,Road 1: BLOCK LINE RD; Road 2: STRASBURG RD; Vehicle #1     Make: MAZD     Model: M6I     Colour: WHI     Style: 4D; Vehicle #2     Make:      Model:      Colour:      Style:,12/22/2022 9:35:00 AM,,
52060,22082230,1649945640000,2022,4,14,14,14,0,Thursday,545421.95078,4808329.61648,-80.43884,43.426491,At/near private drive,1,Non-fatal injury,Thru lane,unknown,unknown,Angle,Unknown,Daylight,01 - Daylight,Municipal (excl. Twp. Rd.),No control,unknown,2,0,0,False,False,False,Clear,,False,Road 1: KINGSWAY DR (50 km/h); Road 2: CEDARWOODS CRES; Distance: 15.0 M S; Charged Driver #1 on page 1: HTA 142 (NA) (NA); Vehicle #1     Make: HOND     Model: UAX     Colour: RED     Style: 4D; Vehicle #2     Make: TOYT     Model: XLL     Colour: BRN   ,12/22/2022 9:36:52 AM,,
52061,22082557,1649974860000,2022,4,14,22,21,0,Thursday,542427.88988,4807276.43177,-80.47591,43.417183,Non intersection,2,P.D. only,Thru lane,unknown,unknown,SMV other,Unknown,"Dark, artificial","08 - Dark, artificial",Municipal (excl. Twp. Rd.),No control,unknown,1,0,0,True,False,False,Clear,,False,Road 1: BLOCK LINE RD (50 km/h); Road 2: COUNTRY HILL DR; Distance: 20.0 M W; Vehicle #1     Make: HOND     Model: ULX     Colour: RED     Style: 4D,12/22/2022 9:30:10 AM,,
52062,22085029,1650247200000,2022,4,18,2,0,0,Monday,539336.74178,4809821.41391,-80.513909,43.440267,Non intersection,2,P.D. only,Thru lane,unknown,unknown,SMV unattended vehicle,Unknown,"Dark, artificial","08 - Dark, artificial",Municipal (excl. Twp. Rd.),No control,unknown,1,0,0,False,False,False,Clear,,False,Road 1: PAULANDER DR (50 km/h); Road 2: LAWRENCE AVE; Distance: 90.0 M W; Charged Driver #1 on page 1: HTA 130 (NA) (NA); Vehicle #1     Make: TOYT     Model: MTL     Colour: BRN     Style: 4D; Vehicle #2     Make: RAM     Model: RTR     Colour: GRY     S,1/3/2023 10:14:28 AM,,
52063,22085178,1647181800000,2022,3,13,14,30,0,Sunday,545183.23759,4805040.87472,-80.442061,43.396893,At/near private drive,2,P.D. only,Thru lane,unknown,unknown,SMV unattended vehicle,Unknown,Daylight,01 - Daylight,Municipal (excl. Twp. Rd.),No control,unknown,0,0,0,False,False,False,Snow,,True,Road 1: 31 LOWER CANADA CRESCENT; Vehicle #1     Make: MERZ     Model: C4A     Colour: SIL     Style: 4D; Vehicle #2     Make: HOND     Model: UCL     Colour: GRY     Style: 4D,1/3/2023 10:20:37 AM,,
52064,22085218,1643295780000,2022,1,27,15,3,0,Thursday,538123.12178,4807453.33422,-80.529071,43.419008,Non intersection,2,Non-reportable,Thru lane,unknown,unknown,Rear end,Unknown,Daylight,01 - Daylight,Municipal (excl. Twp. Rd.),No control,unknown,0,0,0,False,False,False,Clear,,True,Road 1: ROYAL ORCHARD DR; Road 2: MCGARRY DR; Vehicle #1     Make: SUBA     Model: IPR     Colour: WHI     Style: 4D; Vehicle #2     Make: NISS     Model: PFI     Colour: WHI     Style: TY,12/22/2022 9:34:07 AM,,
52065,22085412,1646122800000,2022,3,1,8,20,0,Tuesday,539136.10698,4805925.66476,-80.516667,43.4052,At/near private drive,2,Non-reportable,Thru lane,unknown,unknown,Approaching,Unknown,Daylight,01 - Daylight,Municipal (excl. Twp. Rd.),No control,unknown,0,0,0,False,False,False,Clear,,True,Road 1: 7 BERRY MOSS ST; Vehicle #1     Make: TOYT     Model: SIE     Colour: WHI     Style: VN; Vehicle #2     Make:      Model:      Colour:      Style:,1/3/2023 10:21:13 AM,,
52066,22085436,1646127900000,2022,3,1,9,45,0,Tuesday,541644.34996,4812061.98681,-80.48522299999999,43.460316999999996,Non intersection,2,Non-reportable,Right shoulder,unknown,unknown,Rear end,Unknown,Daylight,01 - Daylight,Municipal (excl. Twp. Rd.),No control,unknown,0,0,0,False,False,False,Snow,,True,Road 1: WELLINGTON ST N; Vehicle #1     Make: TOYT     Model: MTL     Colour: BLU     Style: 4D; Vehicle #2     Make:      Model:      Colour:      Style:,1/3/2023 10:11:59 AM,,
52067,22085931,1647523800000,2022,3,17,13,30,0,Thursday,544884.62671,4804850.45997,-80.445764,43.395196999999996,At intersection,2,P.D. only,Thru lane,unknown,unknown,Rear end,Unknown,Daylight,01 - Daylight,Municipal (excl. Twp. Rd.),Traffic signal,Functioning,0,0,0,False,False,False,Clear,,True,Road 1: DOON VILLAGE RD; Road 2: PIONEER DR; Vehicle #1     Make:      Model:      Colour:      Style: ; Vehicle #2     Make: LEXS     Model: RX5     Colour: WHI     Style: TY,12/22/2022 9:30:51 AM,,
52068,22086852,1643906700000,2022,2,3,16,45,0,Thursday,542847.95535,4813076.46647,-80.470266,43.469383,At intersection,2,Non-reportable,Thru lane,unknown,unknown,Rear end,Unknown,Daylight,01 - Daylight,Municipal (excl. Twp. Rd.),Stop sign,Functioning,0,0,0,False,False,False,Clear,,True,Road 1: GUELPH ST; Road 2: RIVERBEND DR; Vehicle #1     Make: TOYT     Model: TAC     Colour: GRY     Style: PK; Vehicle #2     Make:      Model:      Colour:      Style:,12/22/2022 9:35:02 AM,,
52069,22086866,1643978400000,2022,2,4,12,40,0,Friday,543071.08522,4805498.55958,-80.46810599999999,43.401139,Intersection related,2,Non-reportable,Thru lane,unknown,unknown,Rear end,Unknown,Daylight,01 - Daylight,Municipal (excl. Twp. Rd.),Stop sign,Functioning,0,0,0,False,False,False,Clear,,True,Road 1: TRILLIUM DR; Road 2: STRASBURG RD TRILLIUM INDUSTRIAL PARK KITCHENER; Vehicle #1     Make:      Model:      Colour:      Style: ; Vehicle #2     Make: DODG     Model: CAR     Colour: BGE     Style: VN,12/22/2022 9:28:29 AM,,
52070,22087146,1650474720000,2022,4,20,17,12,0,Wednesday,545867.29354,4804748.42745,-80.433639,43.394219,Non intersection,2,P.D. only,Right shoulder,unknown,unknown,SMV other,Unknown,Daylight,01 - Daylight,Municipal (excl. Twp. Rd.),No control,unknown,0,0,0,False,False,False,Clear,,False,Road 1: 120 PIONEER DR (50 km/h); Road 2: PIONEER DR; Distance: 1.0 M N; Charged Driver #1 on page 1: HTA 33 (NA) (NA); Vehicle #1     Make: HOND     Model: UAX     Colour: BLU     Style: 4D,1/3/2023 10:14:45 AM,,
52071,22087813,1645802280000,2022,2,25,15,18,0,Friday,537673.47292,4806995.88681,-80.534657,43.414911,Non intersection,2,P.D. only,Thru lane,unknown,unknown,SMV unattended vehicle,Unknown,Daylight,01 - Daylight,Municipal (excl. Twp. Rd.),No control,unknown,0,0,0,False,False,False,Clear,,True,Road 1: DRIFTWOOD DR (DRIFTWOOD SCHOOL); Vehicle #1     Make: HOND     Model: PIL     Colour: SIL     Style: TY; Vehicle #2     Make: FORD     Model: COF     Colour: BLK     Style: PK; Vehicle #3     Make: VOLK     Model: JBS     Colour: WHI     Style: 4D,12/22/2022 9:32:46 AM,,
52072,22088023,1650561780000,2022,4,21,17,23,0,Thursday,545123.56799,4807657.24281,-80.442582,43.420455,At/near private drive,1,Non-fatal injury,Thru lane,unknown,unknown,Angle,Unknown,Daylight,01 - Daylight,Regional municipality,No control,unknown,1,0,0,False,False,False,Clear,,False,Road 1: 385 WILSON AVE (50 km/h); Road 2: FAIRWAY RD S; Distance: 50.0 M S; Charged Driver #1 on page 1: HTA 142 (NA) (NA); Vehicle #1     Make: HYUN     Model: EXL     Colour: ONG     Style: 4D; Vehicle #2     Make: HOND     Model: PIL     Colour: BLK   ,1/3/2023 10:23:02 AM,,
52073,22088256,1650585420000,2022,4,21,23,57,0,Thursday,539461.86123,4810230.45005,-80.512333,43.443943999999995,At intersection,1,Non-fatal injury,Within intersection,unknown,unknown,SMV other,Unknown,Dark,07 - Dark,Municipal (excl. Twp. Rd.),unknown,unknown,0,0,0,True,False,False,Clear,,False,Road 1: TALBOT ST (50 km/h); Road 2: BELMONT AVE W (50 km/h); Charged Driver #1 on page 1: HTA 162 (NA) (NA); Vehicle #1     Make:      Model:      Colour:      Style:,1/3/2023 10:18:15 AM,,
52076,22089915,1650748620000,2022,4,23,21,17,0,Saturday,547133.82185,4808432.82937,-80.417683,43.427313999999996,Non intersection,2,P.D. only,Thru lane,unknown,unknown,SMV unattended vehicle,Unknown,Dark,07 - Dark,Municipal (excl. Twp. Rd.),No control,unknown,1,0,0,False,False,False,Clear,,False,Road 1: 46 GRAND RIVER BLVD (40 km/h); Road 2: GRAND RIVER BLVD; Distance: 10.0 M E; Vehicle #1     Make: FORD     Model: TEL     Colour: BLK     Style: 4D; Vehicle #2     Make: MAZD     Model: X3T     Colour: BLU     Style: 4W,12/22/2022 9:32:26 AM,,
52077,22090417,1650808800000,2022,4,24,14,0,0,Sunday,540284.34057,4806513.48771,-80.502444,43.410432,At/near private drive,2,P.D. only,Thru lane,unknown,unknown,Other,Unknown,Daylight,01 - Daylight,Municipal (excl. Twp. Rd.),No control,unknown,0,0,0,False,False,False,Clear,,True,Road 1: 275 HIGHBROOK CRESCENT; Vehicle #1     Make: HOND     Model: AST     Colour: BLK     Style: 4D; Vehicle #2     Make: NISS     Model: KIC     Colour: RED     Style: 4B,12/22/2022 9:30:30 AM,,
52079,22091358,1650902160000,2022,4,25,15,56,0,Monday,545433.45745,4808343.62747,-80.43869699999999,43.426615999999996,Intersection related,2,P.D. only,Within intersection,unknown,unknown,SMV other,Unknown,Daylight,01 - Daylight,Municipal (excl. Twp. Rd.),Stop sign,Functioning,0,0,0,True,False,False,Clear,,False,Road 1: CEDARWOODS CRES (50 km/h); Road 2: KINGSWAY DR (50 km/h); Distance: 5.0 M S; Vehicle #1     Make:      Model:      Colour:      Style:,12/22/2022 9:27:57 AM,,
52080,22091593,1650921600000,2022,4,25,21,20,0,Monday,540922.65733,4811298.77584,-80.49420099999999,43.453485,Non intersection,2,Non-reportable,Thru lane,unknown,unknown,SMV unattended vehicle,Unknown,Dark,07 - Dark,Municipal (excl. Twp. Rd.),No control,unknown,0,0,0,False,False,False,Rain,,True,Road 1: 55 FRANCIS ST N (IFO); Vehicle #1     Make: CHEV     Model: CXM     Colour: WHI     Style: 4D; Vehicle #2     Make:      Model:      Colour:      Style:,12/22/2022 9:30:54 AM,,