OBJECTID,ACCIDENTNUM,ACCIDENTDATE,ACCIDENT_YEAR,ACCIDENT_MONTH,ACCIDENT_DAY,ACCIDENT_HOUR,ACCIDENT_MINUTE,ACCIDENT_SECOND,ACCIDENT_WEEKDAY,XCOORD,YCOORD,LONGITUDE,LATITUDE,ACCIDENTLOCATION,COLLISIONTYPE,CLASSIFICATIONOFACCIDENT,IMPACTLOCATION,INITIALDIRECTIONOFTRAVELONE,INITIALDIRECTIONOFTRAVELTWO,INITIALIMPACTTYPE,INTTRAFFICCONTROL,LIGHT,LIGHTFORREPORT,ROADJURISDICTION,TRAFFICCONTROL,TRAFFICCONTROLCONDITION,THRULANENO,NORTHBOUNDDISOBEYCOUNT,SOUTHBOUNDDISOBEYCOUNT,PEDESTRIANINVOLVED,CYCLISTINVOLVED,MOTORCYCLISTINVOLVED,ENVIRONMENTCONDITION1,ENVIRONMENTCONDITION2,SELFREPORTED,XMLIMPORTNOTES,LASTEDITEDDATE,CREATE_BY,CREATE_DATE
52081,22092585,1651029420000,2022,4,27,3,17,0,Wednesday,539930.9633,4805473.58805,-80.506884,43.401088,Non intersection,2,P.D. only,Left shoulder,unknown,unknown,SMV unattended vehicle,Unknown,"Dark, artificial","08 - Dark, artificial",Municipal (excl. Twp. Rd.),No control,unknown,0,0,0,False,False,False,Clear,,False,Road 1: 1018 COPPER LEAF CRES (40 km/h); Road 2: COPPER LEAF CRES; Distance: 10.0 M E; Charged Driver #1 on page 1: CCC 335 (NA) (NA); Vehicle #1     Make: ACUR     Model: MDX     Colour: BLK     Style: 4W; Vehicle #2     Make: HYUN     Model: TUC     Col,12/22/2022 9:36:26 AM,,
52082,22092609,1651039200000,2022,4,27,6,0,0,Wednesday,542611.5624,4805881.40832,-80.47375,43.404612,Intersection related,2,P.D. only,Thru lane,unknown,unknown,Angle,Unknown,Dawn,03 - Dawn,Municipal (excl. Twp. Rd.),Stop sign,Functioning,0,0,0,False,False,False,Clear,,True,Road 1: STRASBURG RD; Road 2: MCINTYRE DR; Vehicle #1     Make: MAZD     Model: MA5     Colour: GRY     Style: 4B; Vehicle #2     Make: FRHT     Model: FM2     Colour: WHI     Style: CT,12/22/2022 9:30:52 AM,,
52083,22092703,1648900800000,2022,4,2,12,0,0,Saturday,541797.78991,4810621.3466,-80.483437,43.447337,At intersection,2,Non-reportable,Thru lane,unknown,unknown,Rear end,Unknown,Daylight,01 - Daylight,Regional municipality,Traffic signal,Functioning,0,0,0,False,False,False,Clear,,True,Road 1: KING ST E; Road 2: CEDAR ST N; Vehicle #1     Make: DODG     Model: CJO     Colour: CRM     Style: TY; Vehicle #2     Make: CHEV     Model: BEG     Colour: RED     Style: 4D,12/22/2022 9:29:36 AM,,
52084,22092729,1650464100000,2022,4,20,14,15,0,Wednesday,538829.21805,4809016.25414,-80.52023799999999,43.433043999999995,At/near private drive,2,P.D. only,Thru lane,unknown,unknown,SMV unattended vehicle,Unknown,Daylight,01 - Daylight,Municipal (excl. Twp. Rd.),No control,unknown,0,0,0,False,False,False,Clear,,True,Road 1: 100 RALGREEN CRESCENT (IFO); Vehicle #1     Make:      Model:      Colour:      Style: ; Vehicle #2     Make: TOYT     Model: CBA     Colour: BLK     Style: 4D,12/22/2022 9:30:12 AM,,
52085,22092939,1649948400000,2022,4,14,15,0,0,Thursday,543768.69776,4807806.04986,-80.459306,43.421875,Non intersection,2,Non-reportable,Thru lane,unknown,unknown,SMV unattended vehicle,Unknown,Daylight,01 - Daylight,Regional municipality,No control,unknown,0,0,0,False,False,False,Clear,,True,Road 1: SHELLEY DR; Road 2: COURTLAND AVE E; Vehicle #1     Make:      Model:      Colour:      Style: ; Vehicle #2     Make: HYUN     Model: ESM     Colour: GRY     Style: 4D,12/22/2022 9:30:01 AM,,
52086,22093580,1650575700000,2022,4,21,21,15,0,Thursday,541152.02458,4806229.5261,-80.491749,43.407827999999995,At/near private drive,2,Non-reportable,Off highway,unknown,unknown,Other,Unknown,Dark,07 - Dark,Municipal (excl. Twp. Rd.),No control,unknown,0,0,0,False,False,False,Clear,,True,Road 1: RITTENHOUSE RD; Road 2: JULIA CRESCENT; Vehicle #1     Make: HOND     Model: UCL     Colour: WHI     Style: 4D; Vehicle #2     Make:      Model:      Colour:      Style:,12/22/2022 9:30:32 AM,,
52087,22093608,1651142700000,2022,4,28,10,45,0,Thursday,544441.57815,4806323.42907,-80.451115,43.408485999999996,Non intersection,2,P.D. only,Thru lane,unknown,unknown,Turning movement,Unknown,Daylight,01 - Daylight,Municipal (excl. Twp. Rd.),No control,unknown,0,0,0,False,False,False,Clear,,True,Road 1: 147 OTONABEE DR; Vehicle #1     Make: CHEV     Model: SIL     Colour: RED     Style: PK; Vehicle #2     Make: FORD     Model: TST     Colour: WHI     Style: FV,1/3/2023 10:10:19 AM,,
52088,22093792,1651153080000,2022,4,28,13,38,0,Thursday,541754.26332,4811621.83579,-80.483899,43.456347,At/near private drive,2,P.D. only,Not on roadway - left side,unknown,unknown,SMV other,Unknown,Daylight,01 - Daylight,Municipal (excl. Twp. Rd.),No control,unknown,0,0,0,False,False,False,Clear,,False,Road 1: QUEEN ST N (50 km/h); Road 2: ST LEGER ST; Distance: 2.0 M S; Charged Driver #1 on page 1: HTA 130 (NA) (NA); Vehicle #1     Make: FORD     Model: COF     Colour: BLK     Style: PK,12/22/2022 9:36:05 AM,,
52089,22094557,1650875400000,2022,4,25,8,30,0,Monday,538612.21799,4809803.06411,-80.522863,43.44014,Non intersection,2,P.D. only,Thru lane,unknown,unknown,SMV unattended vehicle,Unknown,Daylight,01 - Daylight,Municipal (excl. Twp. Rd.),No control,unknown,0,0,0,False,False,False,Clear,,True,Road 1: 67 MOOREGATE CRESCENT (IFO); Vehicle #1     Make: FORD     Model: FE     Colour: BLK     Style: 4D; Vehicle #2     Make: HYUN     Model: EGM     Colour: BLK     Style: 4D,12/22/2022 9:30:31 AM,,
52090,22094584,1650469500000,2022,4,20,15,45,0,Wednesday,539316.31109,4810616.5193,-80.514104,43.447427999999995,At intersection,2,P.D. only,Within intersection,unknown,unknown,Rear end,Unknown,Daylight,01 - Daylight,Municipal (excl. Twp. Rd.),Traffic signal,Functioning,0,0,0,False,False,False,Clear,,True,Road 1: BELMONT AVE W; Road 2: GAGE AVE; Vehicle #1     Make: TOYT     Model: HIG     Colour: BLK     Style: TY; Vehicle #2     Make: FORD     Model: FSH     Colour: GRY     Style: 4D,12/22/2022 9:30:13 AM,,
52091,22094916,1651254360000,2022,4,29,17,46,0,Friday,543605.74258,4812170.45622,-80.46097,43.461182,Intersection related,1,Non-fatal injury,Within intersection,unknown,unknown,Angle,Unknown,Daylight,01 - Daylight,Municipal (excl. Twp. Rd.),Stop sign,unknown,0,0,0,False,False,False,Clear,,False,Road 1: RIVER RD E (50 km/h); Road 2: ROSEMOUNT DR (50 km/h); Distance: 1.0 M S; Charged Driver #1 on page 1: HTA 130 (NA) (NA); Vehicle #1     Make: CHRY     Model: S30     Colour: RED     Style: 4D; Vehicle #2     Make: FORD     Model: FSE     Colour: G,12/22/2022 9:36:29 AM,,
52092,22095272,1651285980000,2022,4,30,2,33,0,Saturday,541176.35846,4808251.5725,-80.49129599999999,43.426033,Intersection related,1,Non-fatal injury,Not on roadway - right side,unknown,unknown,SMV other,Unknown,Dark,07 - Dark,Municipal (excl. Twp. Rd.),unknown,unknown,0,0,0,False,False,False,Clear,,False,Road 1: CHANDLER DR (50 km/h); Road 2: STRASBURG RD (50 km/h); Distance:  M N; Charged Driver #1 on page 1: CCC 320 (NA) (NA); Vehicle #1     Make: TOYT     Model: SIE     Colour: GRY     Style: VN,12/22/2022 9:36:22 AM,,
52093,22095481,1651314720000,2022,4,30,10,32,0,Saturday,543440.9036,4807182.63439,-80.463405,43.416281,At/near private drive,1,Non-fatal injury,Thru lane,unknown,unknown,Other,Unknown,Daylight,01 - Daylight,Regional municipality,No control,unknown,1,0,0,False,False,False,Clear,,False,Road 1: 35 BRISBANE DR (50 km/h); Road 2: BRISBANE DR; Distance: 7.0 M N; Charged Driver #1 on page 1: HTA 139 (NA) (NA); Vehicle #1     Make: TOYT     Model: CBS     Colour: RED     Style: 4D; Vehicle #2     Make: TOYT     Model: UCS     Colour: BLK     ,12/22/2022 9:36:48 AM,,
52094,22095546,1650751200000,2022,4,23,22,0,0,Saturday,538625.09879,4809569.94527,-80.52272099999999,43.43804,At/near private drive,2,Non-reportable,Right shoulder,unknown,unknown,SMV unattended vehicle,Unknown,Dark,07 - Dark,Regional municipality,No control,unknown,0,0,0,False,False,False,Clear,,True,Road 1: 83 VICMOUNT DR; Vehicle #1     Make:      Model:      Colour:      Style: ; Vehicle #2     Make: HOND     Model: UCL     Colour: BLU     Style: 4D,12/22/2022 9:30:33 AM,,
52095,22096274,1651376700000,2022,5,1,3,45,0,Sunday,547564.81695,4811385.46813,-80.41210099999999,43.453873,Intersection related,2,P.D. only,Not on roadway - right side,unknown,unknown,SMV other,Unknown,"Dark, artificial","08 - Dark, artificial",Regional municipality,Stop sign,Functioning,0,0,0,False,False,False,Clear,,False,Road 1: OLD ZELLER DR (50 km/h); Road 2: ZELLER DRIVE; Distance: 20.0 M W; Vehicle #1     Make:      Model:      Colour:      Style:,12/22/2022 9:32:25 AM,,
52098,22096707,1651427160000,2022,5,1,17,46,0,Sunday,541926.03765,4812236.20144,-80.48172799999999,43.46187,Non intersection,1,Non-fatal injury,Thru lane,unknown,unknown,SMV other,Unknown,Daylight,01 - Daylight,Municipal (excl. Twp. Rd.),No control,unknown,2,0,0,False,False,True,Clear,,False,Road 1: 485 WELLINGTON ST N (50 km/h); Road 2: WELLINGTON ST N; Distance: 10.0 M W; Vehicle #1     Make: TRUM     Model: RCT     Colour: BLK     Style: MS,12/22/2022 9:33:22 AM,,
52099,22096843,1651512600000,2022,5,2,17,30,0,Monday,543737.57705,4808310.59017,-80.45965,43.42642,Non intersection,2,Non-reportable,Thru lane,unknown,unknown,SMV unattended vehicle,Unknown,Daylight,01 - Daylight,Municipal (excl. Twp. Rd.),No control,unknown,0,0,0,False,False,False,Clear,,True,Road 1: SHELLEY DR; Vehicle #1     Make:      Model:      Colour:      Style: ; Vehicle #2     Make: TOYT     Model: CBL     Colour: RED     Style: 4D,12/22/2022 9:34:16 AM,,
52100,22097146,1651488900000,2022,5,2,10,55,0,Monday,542313.93572,4810287.50421,-80.47708399999999,43.444302,At intersection,1,Non-fatal injury,Within intersection,unknown,unknown,Turning movement,Unknown,Daylight,01 - Daylight,Municipal (excl. Twp. Rd.),Traffic signal,Functioning,0,0,0,False,True,False,Clear,,False,Road 1: STIRLING AVE N (50 km/h); Road 2: KING ST E (50 km/h); Charged Driver #1 on page 1: HTA 142 (NA) (NA); Vehicle #1     Make: BICY     Model: BICY     Colour: BLK     Style: BK; Vehicle #2     Make: CHEV     Model: SIL     Colour: BLK     Style: PK,12/22/2022 9:36:19 AM,,
52101,22097229,1651343400000,2022,4,30,18,30,0,Saturday,547235.01066,4808458.50486,-80.416431,43.427538999999996,Non intersection,2,P.D. only,Right shoulder,unknown,unknown,SMV unattended vehicle,Unknown,Daylight,01 - Daylight,Municipal (excl. Twp. Rd.),No control,unknown,0,0,0,False,False,False,Clear,,True,Road 1: 74 GRAND RIVER BLVD; Vehicle #1     Make: FORD     Model: FLE     Colour: BLU     Style: TY; Vehicle #2     Make: HYUN     Model: ETG     Colour: GRY     Style: 4B,1/3/2023 10:10:56 AM,,
52102,22097240,1650720600000,2022,4,23,13,30,0,Saturday,544844.55633,4804946.77925,-80.44625099999999,43.396066,At/near private drive,2,Non-reportable,Thru lane,unknown,unknown,SMV unattended vehicle,Unknown,Daylight,01 - Daylight,Municipal (excl. Twp. Rd.),No control,unknown,0,0,0,False,False,False,Clear,,True,Road 1: 648 DOON VILLAGE RD (IFO UNIT 14); Road 2: 648 DOON VILLAGE RD; Vehicle #1     Make:      Model:      Colour:      Style: ; Vehicle #2     Make: KIA     Model: SLE     Colour: BGE     Style: 4D,1/3/2023 10:23:10 AM,,
52103,22097607,1651526700000,2022,5,2,21,25,0,Monday,540463.20229,4806497.64638,-80.500236,43.41028,Non intersection,2,P.D. only,Thru lane,unknown,unknown,SMV unattended vehicle,Unknown,Dark,07 - Dark,Municipal (excl. Twp. Rd.),No control,unknown,1,0,0,False,False,False,Clear,,False,Road 1: HIGHBROOK ST (50 km/h); Road 2: BLOCK LINE RD; Distance: 100.0 M S; Charged Driver #1 on page 1: HTA 320.14 (NA) (NA); Vehicle #1     Make: MAZD     Model: 3TR     Colour: RED     Style: 4D; Vehicle #2     Make: HOND     Model: FLX     Colour: BLK,12/22/2022 9:36:15 AM,,
52104,22097908,1651569300000,2022,5,3,9,15,0,Tuesday,541176.54117,4811202.32718,-80.49107099999999,43.452602,Non intersection,2,Non-reportable,Thru lane,unknown,unknown,Angle,Unknown,Daylight,01 - Daylight,Regional municipality,No control,unknown,0,0,0,False,False,False,Clear,,True,Road 1: YOUNG ST; Road 2: WEBER ST W; Vehicle #1     Make: GMC     Model: TER     Colour: BRN     Style: TY; Vehicle #2     Make: NISS     Model: ROG     Colour: WHI     Style: TY,12/22/2022 9:34:17 AM,,
52105,22098271,1651596060000,2022,5,3,16,41,0,Tuesday,542370.60521,4808278.05381,-80.47654,43.426204999999996,At/near private drive,2,P.D. only,Thru lane,unknown,unknown,Angle,Unknown,Daylight,01 - Daylight,Municipal (excl. Twp. Rd.),No control,unknown,1,0,0,False,False,False,Rain,,False,Road 1: 88 ARDELT AVE (50 km/h); Road 2: ARDELT AVE; Distance: 10.0 M S; Charged Driver #1 on page 1: HTA 139 (NA) (NA); Vehicle #1     Make: MAZD     Model: CX5     Colour: RED     Style: TY; Vehicle #2     Make: DODG     Model: CAR     Colour: GRY     S,12/22/2022 9:36:49 AM,,
52106,22098982,1650035700000,2022,4,15,15,15,0,Friday,544193.8142,4805036.86289,-80.454279,43.396916,Non intersection,2,Non-reportable,Thru lane,unknown,unknown,SMV unattended vehicle,Unknown,Daylight,01 - Daylight,Municipal (excl. Twp. Rd.),No control,unknown,0,0,0,False,False,False,Clear,,True,Road 1: 96 OLD HURON COURT (IFO); Vehicle #1     Make:      Model:      Colour:      Style: ; Vehicle #2     Make: TOYT     Model: SIE     Colour: GRY     Style: VN,12/22/2022 9:30:02 AM,,
52107,22098989,1651672200000,2022,5,4,13,50,0,Wednesday,536431.30734,4808975.17213,-80.54986799999999,43.432795,At intersection,2,P.D. only,Within intersection,unknown,unknown,Turning movement,Unknown,Daylight,01 - Daylight,Municipal (excl. Twp. Rd.),Stop sign,Functioning,0,0,0,False,False,False,Clear,,True,Road 1: HIGHGATE RD; Road 2: KELLER CRESCENT; Vehicle #1     Make: NISS     Model: ROG     Colour: SIL     Style: TY; Vehicle #2     Make: VOLK     Model: CIG     Colour: WHI     Style: TY,12/22/2022 9:33:34 AM,,
52108,22099011,1649624400000,2022,4,10,21,0,0,Sunday,545315.85565,4804469.32657,-80.440471,43.391739,At intersection,2,Non-reportable,Within intersection,unknown,unknown,Angle,Unknown,Dark,07 - Dark,Municipal (excl. Twp. Rd.),Traffic signal,Functioning,0,0,0,False,False,False,Clear,,True,Road 1: BECHTEL DR; Road 2: DOON VILLAGE RD; Vehicle #1     Make:      Model:      Colour:      Style: ; Vehicle #2     Make: FORD     Model: FE     Colour: GRY     Style: 4D,12/22/2022 9:29:49 AM,,
52109,22099637,1649599200000,2022,4,10,14,0,0,Sunday,545274.78552,4806434.5279,-80.440815,43.409436,At intersection,2,Non-reportable,Thru lane,unknown,unknown,Rear end,Stop sign,Daylight,01 - Daylight,Municipal (excl. Twp. Rd.),Stop sign,Functioning,0,0,0,False,False,False,Clear,,True,Road 1: WILSON AVE; Road 2: WABANAKI DR; Vehicle #1     Make: FORD     Model: COF     Colour: GRY     Style: PK; Vehicle #2     Make:      Model:      Colour:      Style:,1/3/2023 10:19:26 AM,,
52110,22099688,1649137200000,2022,4,5,5,40,0,Tuesday,544382.54351,4802965.42468,-80.45211599999999,43.378254,At intersection,2,P.D. only,Thru lane,unknown,unknown,Rear end,Unknown,Dark,07 - Dark,Municipal (excl. Twp. Rd.),No control,Functioning,0,0,0,False,False,False,Clear,,True,Road 1: CARYNDALE DR; Road 2: ROBERT FERRIE DR; Vehicle #1     Make: ACUR     Model: 35R     Colour: BGE     Style: 4D; Vehicle #2     Make: FORD     Model: COF     Colour: BLK     Style: PK,1/3/2023 10:19:13 AM,,
52111,22100548,1645628400000,2022,2,23,15,0,0,Wednesday,540350.93918,4811463.17341,-80.501255,43.454996,Intersection related,2,P.D. only,Thru lane,unknown,unknown,Rear end,Unknown,Daylight,01 - Daylight,Municipal (excl. Twp. Rd.),unknown,unknown,0,0,0,False,False,False,Clear,,True,Road 1: WELLINGTON ST N; Road 2: MOORE AVE; Vehicle #1     Make: FORD     Model: FEE     Colour: BLK     Style: 4B; Vehicle #2     Make: HYUN     Model: TUC     Colour: GRY     Style: TY,12/22/2022 9:34:18 AM,,
52112,22102576,1652025600000,2022,5,8,16,0,0,Sunday,543880.68408,4808168.36017,-80.457894,43.425131,Non intersection,2,Non-reportable,Thru lane,unknown,unknown,SMV unattended vehicle,Unknown,Daylight,01 - Daylight,Municipal (excl. Twp. Rd.),No control,unknown,0,0,0,False,False,False,Clear,,True,Road 1: 16 SIEBERT AVE (IFO); Vehicle #1     Make:      Model:      Colour:      Style: ; Vehicle #2     Make: TOYT     Model: CBA     Colour: WHI     Style: 4D,12/22/2022 9:27:09 AM,,
52113,22102762,1652038200000,2022,5,8,19,30,0,Sunday,539541.40327,4806509.05818,-80.51162,43.410432,Non intersection,2,P.D. only,Thru lane,unknown,unknown,Rear end,Unknown,Daylight,01 - Daylight,Municipal (excl. Twp. Rd.),No control,unknown,1,0,0,False,False,False,Clear,,False,Road 1: 230 WILDERNESS DR (50 km/h); Road 2: WILDERNESS DR; Distance: 10.0 M S; Charged Driver #1 on page 1: HTA 130 (NA) (NA); Vehicle #1     Make: NISS     Model: ASL     Colour: BRN     Style: 4D; Vehicle #2     Make: FORD     Model: COF     Colour: BL,12/22/2022 9:36:37 AM,,
52114,22103101,1651323600000,2022,4,30,13,0,0,Saturday,546030.48128,4804457.3636,-80.431648,43.391588,At/near private drive,2,Non-reportable,Thru lane,unknown,unknown,SMV unattended vehicle,Unknown,Daylight,01 - Daylight,Municipal (excl. Twp. Rd.),No control,unknown,0,0,0,False,False,False,Clear,,True,Road 1: 311 100 OLD CARRIAGE DR (IFO); Vehicle #1     Make:      Model:      Colour:      Style: ; Vehicle #2     Make: HOND     Model: UAX     Colour: GRY     Style: 4D,1/3/2023 10:20:48 AM,,
52115,22103134,1650555000000,2022,4,21,15,30,0,Thursday,539529.75443,4806082.73374,-80.51179499999999,43.406594,Non intersection,2,Non-reportable,Thru lane,unknown,unknown,SMV unattended vehicle,Unknown,Daylight,01 - Daylight,Municipal (excl. Twp. Rd.),No control,unknown,0,0,0,False,False,False,Clear,,True,Road 1: 9 BRIDLEWREATH ST (IFO); Vehicle #1     Make:      Model:      Colour:      Style: ; Vehicle #2     Make: TOYT     Model: HIG     Colour: GRY     Style: TY,12/22/2022 9:30:15 AM,,
52116,22103179,1651236300000,2022,4,29,12,45,0,Friday,538912.32211,4810139.63287,-80.519131,43.443155,At/near private drive,2,Non-reportable,Thru lane,unknown,unknown,Other,Unknown,Daylight,01 - Daylight,Municipal (excl. Twp. Rd.),No control,unknown,0,0,0,False,False,False,Clear,,True,Road 1: 444 KARN STREET KITCHENER; Road 2: 444 KARN STREET KITCHENER; Vehicle #1     Make: FORD     Model: SPE     Colour: BLK     Style: TY; Vehicle #2     Make: NISS     Model: ATS     Colour: BLK     Style: 4D,1/3/2023 10:20:44 AM,,
52117,22104129,1650105000000,2022,4,16,10,30,0,Saturday,541813.93905,4803670.23525,-80.48376999999999,43.384747,At/near private drive,2,Non-reportable,Off highway,unknown,unknown,SMV unattended vehicle,Unknown,Daylight,01 - Daylight,Municipal (excl. Twp. Rd.),No control,unknown,0,0,0,False,False,False,Clear,,True,Road 1: WOODBINE AVE (IFO 43); Vehicle #1     Make:      Model:      Colour:      Style: ; Vehicle #2     Make: NISS     Model: ROG     Colour: WHI     Style: TY,12/22/2022 9:30:53 AM,,
52118,22104234,1651126980000,2022,4,28,6,23,0,Thursday,539624.10573,4805518.4527,-80.51066999999999,43.401508,Non intersection,2,Non-reportable,Thru lane,unknown,unknown,SMV unattended vehicle,Unknown,Daylight,01 - Daylight,Municipal (excl. Twp. Rd.),No control,unknown,0,0,0,False,False,False,Clear,,True,Road 1: 70 SWEET WILLIAM ST (IFO); Vehicle #1     Make:      Model:      Colour:      Style: ; Vehicle #2     Make: TOYT     Model: CEP     Colour: BLK     Style: 4D,12/22/2022 9:30:56 AM,,
52119,22104261,1649952000000,2022,4,14,16,0,0,Thursday,543200.64108,4804494.68348,-80.466585,43.392092,At intersection,2,Non-reportable,Within intersection,unknown,unknown,Sideswipe,Unknown,Daylight,01 - Daylight,Regional municipality,Yield sign,Functioning,0,0,0,False,False,False,Clear,,True,Road 1: STRASBURG RD; Road 2: HURON RD; Vehicle #1     Make:      Model:      Colour:      Style: ; Vehicle #2     Make: VOLK     Model: JWE     Colour: BLK     Style: 4D,12/22/2022 9:29:27 AM,,
52120,22104751,1652248080000,2022,5,11,5,48,0,Wednesday,543463.61085,4804694.86666,-80.46332199999999,43.393879999999996,At intersection,2,P.D. only,Within intersection,unknown,unknown,Angle,Unknown,Daylight,01 - Daylight,Municipal (excl. Twp. Rd.),Stop sign,Functioning,0,0,0,False,False,False,Clear,,False,Road 1: OLD HURON RD (40 km/h); Road 2: TEMPLEWOOD DR (40 km/h); Charged Driver #1 on page 1: HTA 136 (NA) (NA); Vehicle #1     Make: CHEV     Model: AVT     Colour: GRY     Style: 4D; Vehicle #2     Make: PONT     Model: SFG     Colour: SIL     Style: 2D,12/22/2022 9:36:44 AM,,
52121,22104872,1649885400000,2022,4,13,21,30,0,Wednesday,545185.3964,4808140.00205,-80.441778,43.424797999999996,Non intersection,2,Non-reportable,Thru lane,unknown,unknown,SMV other,Unknown,Dark,07 - Dark,Municipal (excl. Twp. Rd.),No control,unknown,0,0,0,False,False,False,Clear,,True,Road 1: 595 GREENFIELD AVE (IFO); Vehicle #1     Make: HYUN     Model: EGM     Colour: GRY     Style: 4D,12/22/2022 9:30:14 AM,,
52122,22105005,1652269620000,2022,5,11,11,47,0,Wednesday,540794.36983,4809170.80382,-80.49594599999999,43.434331,At/near private drive,2,P.D. only,Other,unknown,unknown,SMV unattended vehicle,Unknown,Daylight,01 - Daylight,Municipal (excl. Twp. Rd.),No control,unknown,0,0,0,False,False,False,Clear,,False,Road 1: STIRLING AVE S (50 km/h); Road 2: 595 STIRLING AVE SOUTH; Distance: 10.0 M W; Charged Driver #1 on page 1: HTA 53 (NA) (NA); Vehicle #1     Make: FORD     Model: COF     Colour: BLK     Style: PK; Vehicle #2     Make: HOND     Model: CCL     Colou,12/22/2022 9:37:10 AM,,
52123,22105033,1648582200000,2022,3,29,19,30,0,Tuesday,541589.57377,4810296.31081,-80.486035,43.444421999999996,At intersection,2,Non-reportable,Within intersection,unknown,unknown,Angle,Unknown,Dark,07 - Dark,Municipal (excl. Twp. Rd.),Stop sign,Functioning,0,0,0,False,False,False,Clear,,True,Road 1: CEDAR ST S; Road 2: ST GEORGE ST; Vehicle #1     Make: TOYT     Model: CZG     Colour: WHI     Style: PK; Vehicle #2     Make:      Model:      Colour:      Style:,12/22/2022 9:27:19 AM,,
52124,22105118,1648574100000,2022,3,29,17,15,0,Tuesday,541584.04807,4810054.13603,-80.486122,43.442240999999996,Intersection related,2,Non-reportable,Thru lane,unknown,unknown,Other,Unknown,Daylight,01 - Daylight,Regional municipality,Traffic signal,Functioning,0,0,0,False,False,False,Clear,,True,Road 1: MADISON AVE S; Road 2: COURTLAND AVE E; Vehicle #1     Make:      Model:      Colour:      Style: ; Vehicle #2     Make: HOND     Model: UCS     Colour: BLK     Style: 4D,12/22/2022 9:27:07 AM,,
52125,22105361,1652292000000,2022,5,11,18,0,0,Wednesday,542842.21696,4809873.68102,-80.47058899999999,43.440546,Intersection related,2,P.D. only,Within intersection,unknown,unknown,Angle,Unknown,Daylight,01 - Daylight,Regional municipality,Stop sign,Functioning,0,0,1,False,False,False,Clear,,True,Road 1: SYDNEY ST S; Road 2: CHARLES ST E; Vehicle #1     Make: FORD     Model: COF     Colour: RED     Style: PK; Vehicle #2     Make: TOYT     Model: XLE     Colour: RED     Style: 4D,12/22/2022 9:33:33 AM,,
52126,22105374,1652293500000,2022,5,11,18,25,0,Wednesday,545344.8267,4808694.63473,-80.439762,43.429781999999996,Non intersection,2,P.D. only,Within intersection,unknown,unknown,Angle,Unknown,Daylight,01 - Daylight,Regional municipality,No control,unknown,0,0,0,False,False,False,Clear,,False,Road 1: 16 KINGSWAY DR (50 km/h); Road 2: CEDARWOODS CRES (40 km/h); Distance: 10.0 M E; Vehicle #1     Make: VOLK     Model: NBT     Colour: BGE     Style: 2D; Vehicle #2     Make: TOYT     Model: CH4     Colour: WHI     Style: 4D,12/22/2022 9:29:31 AM,,
52127,22106043,1652362500000,2022,5,12,13,35,0,Thursday,545598.46768,4804030.81821,-80.437018,43.387774,Intersection related,2,Non-reportable,Thru lane,unknown,unknown,Rear end,Unknown,Daylight,01 - Daylight,Municipal (excl. Twp. Rd.),Stop sign,Functioning,0,0,0,False,False,False,Clear,,True,Road 1: DOON MILLS DR; Road 2: TILT DR; Vehicle #1     Make: VOLK     Model: JBS     Colour: BLK     Style: 4D; Vehicle #2     Make:      Model:      Colour:      Style:,12/22/2022 9:28:18 AM,,
52128,22106783,1652430600000,2022,5,13,8,30,0,Friday,543073.9104,4812800.33073,-80.467495,43.466884,At intersection,2,P.D. only,Within intersection,unknown,unknown,Turning movement,Unknown,Daylight,01 - Daylight,Municipal (excl. Twp. Rd.),Traffic signal,Functioning,0,0,0,False,False,False,Clear,,True,Road 1: SHIRLEY AVE; Road 2: RIVERBEND DR; Vehicle #1     Make: AUDI     Model: 41Q     Colour: GRN     Style: 4D; Vehicle #2     Make: GMC     Model: CAN     Colour:      Style: COM,12/22/2022 9:33:57 AM,,